#{"t_start": 1750554684.8472867, "env_id": "BreakoutNoFrameskip-v4"}
r,l,t
0.0,508,0.935858
2.0,816,1.869324
